{
    "accuracy": 0.76,
    "precision": 0.7848101265822784,
    "recall": 0.8985507246376812,
    "roc_auc": 0.6750818139317438
}